<?xml version="1.0" encoding="UTF-8"?>

<ProductCatalog>

<ConsoleCatalog>
    <console id="Xbox">
    <name>Xbox</name>
    <price>399.99</price>
    <image>xbox1.jpg</image>
    <manufacturer>Microsoft</manufacturer>
    <condition>New</condition>
    <discount>10.0</discount>
    <accessories>
            <accessory>xboxone_wc</accessory>
            <accessory>xboxone_sh</accessory>
			<accessory>xboxone_kg</accessory>
            <accessory>xboxone_vb</accessory>
			<accessory>xboxone_rs</accessory>
            <accessory>xboxone_mp</accessory>
			<accessory>xboxone_mc</accessory>
			
			
        </accessories>
    </console>
    <console id="xbox360">
        <name>xbox360</name>
        <price>399.99</price>
        <image>xbox360.jpg</image>
        <manufacturer>Microsoft</manufacturer>
        <condition>New</condition>
        <discount>10.0</discount>
        <accessories>
            <accessory>xbox360_wc</accessory>
            <accessory>xbox360_sh</accessory>
			<accessory>xbox360_vb</accessory>
			<accessory>xbox360_rs</accessory>
			<accessory>xbox360_mp</accessory>
			<accessory>xbox360_kg</accessory>
        </accessories>
    </console>

    <console id="PS4">
        <name>PS4</name>
        <price>349.99</price>
        <image>PS4-console-bundle.jpg</image>
        <manufacturer>Sony</manufacturer>
        <condition>New</condition>
        <discount>10.0</discount>
        <accessories>
            <accessory>ps4_wc</accessory>
			
        </accessories>
    </console>
    <console id="PS3">
        <name>PS3</name>
        <price>349.99</price>
        <image>ps3.jpg</image>
        <manufacturer>Sony</manufacturer>
        <condition>New</condition>
        <discount>10.0</discount>
        <accessories>
            <accessory>ps3_wc</accessory>
			
        </accessories>
    </console>
    <console id="WII">
        <name>WII</name>
        <price>249.99</price>
        <image>Wii-Console.png</image>
        <manufacturer>Nintendo</manufacturer>
        <condition>New</condition>
        <discount>10.0</discount>
        <accessories>
            <accessory>nintendo_wc</accessory>
            <accessory>nintendo_sh</accessory>
        </accessories>
    </console>
</ConsoleCatalog>

<TabletCatalog>
    <tablet id="ipad">
        <name>Apple Ipad Pro</name>
        <price>189.99</price>
        <image>apple1.jpg</image>
        <manufacturer>Apple</manufacturer>
        <condition>New</condition>
        <discount>40.0</discount>
    </tablet>
    <tablet id="ipad3">
        <name>Apple Ipad 3</name>
        <price>189.99</price>
        <image>apple2.jpg</image>
        <manufacturer>Apple</manufacturer>
        <condition>Used</condition>
        <discount>20.0</discount>
    </tablet>
    <tablet id="Surface">
        <name>Surface</name>
        <price>299.99</price>
        <image>m1.jpg</image>
        <manufacturer>Microsoft</manufacturer>
        <condition>New</condition>
        <discount>15.0</discount>
    </tablet>
    <tablet id="Surface4">
        <name>Surface Pro 4</name>
        <price>299.99</price>
        <image>m2.jpg</image>
        <manufacturer>Microsoft</manufacturer>
        <condition>New</condition>
        <discount>15.0</discount>
    </tablet>
    <tablet id="Samsung2">
        <name>Samsung Tab 2</name>
        <price>150.99</price>
        <image>s1.jpg</image>
        <manufacturer>Samsung</manufacturer>
        <condition>New</condition>
        <discount>15.0</discount>
    </tablet>

</TabletCatalog>
<GamesCatalog>
<game id="g1">
        <name>FIFA 2016</name>
        <price>50.99</price>
        <image>ea_fifa.jpg</image>
        <manufacturer>ElectronicArts</manufacturer>
        <condition>New</condition>
        <discount>15.0</discount>
</game>
<game id="g2">
        <name>Need for Speed</name>
        <price>50.99</price>
        <image>ea_nfs.jpg</image>
        <manufacturer>ElectronicArts</manufacturer>
        <condition>Refurbished</condition>
        <discount>15.0</discount>
</game>
<game id="g3">
        <name>Call Of Duty</name>
        <price>50.99</price>
        <image>activision_cod.jpg</image>
        <manufacturer>Activision</manufacturer>
        <condition>New</condition>
        <discount>15.0</discount>
</game>
<game id="g4">
        <name>Evolve</name>
        <price>50.99</price>
        <image>tti_evolve.jpg</image>
        <manufacturer>TakeTwoInteractive</manufacturer>
        <condition>New</condition>
        <discount>15.0</discount>
</game>
</GamesCatalog>

<AccessoryCatalog>

    <accessory id="xboxone_wc">
        <name>Controller</name>
        <price>89.99</price>
        <image>XBOX controller.jpg</image>
        <manufacturer>Microsoft</manufacturer>
        <condition>New</condition>
        <discount>40.0</discount>
     </accessory>

    <accessory id="xboxone_sh">
        <name>Turtle Beach Headset</name>
        <price>89.99</price>
        <image>Turtle Beach Headset.jpg</image>
        <manufacturer>Microsoft</manufacturer>
        <condition>New</condition>
        <discount>40.0</discount>
     </accessory>
	 
	 <accessory id="xboxone_vb">
        <name>joystick</name>
        <price>89.99</price>
        <image>joystick.jpg</image>
        <manufacturer>Microsoft</manufacturer>
        <condition>New</condition>
        <discount>40.0</discount>
     </accessory>

    <accessory id="xboxone_kg">
        <name>Keypad</name>
        <price>89.99</price>
        <image>keypad.jpg</image>
        <manufacturer>Microsoft</manufacturer>
        <condition>New</condition>
        <discount>40.0</discount>
     </accessory>
	 
	 <accessory id="xboxone_rs">
        <name>Starterkit</name>
        <price>89.99</price>
        <image>starterkit.jpeg</image>
        <manufacturer>Microsoft</manufacturer>
        <condition>New</condition>
        <discount>40.0</discount>
     </accessory>

    <accessory id="xboxone_mp">
        <name>Wireless adpter</name>
        <price>89.99</price>
        <image>wirelessadapter.jpg</image>
        <manufacturer>Microsoft</manufacturer>
        <condition>New</condition>
        <discount>40.0</discount>
     </accessory>
	 
	 <accessory id="xboxone_mc">
        <name>Wireless </name>
        <price>89.99</price>
        <image>wirelessadapter.jpg</image>
        <manufacturer>Microsoft</manufacturer>
        <condition>New</condition>
        <discount>40.0</discount>
     </accessory>
	 

    <accessory id="xbox360_wc">
        <name>XBOX Speeding Wheel</name>
        <price>89.99</price>
        <image>XBOX360-SpeedWheel.jpg</image>
        <manufacturer>Microsoft</manufacturer>
        <condition>New</condition>
        <discount>40.0</discount>
     </accessory>

    <accessory id="xbox360_sh">
        <name>XBOX Wireless Adapter</name>
        <price>89.99</price>
        <image>xbox360_wa.png</image>
        <manufacturer>Microsoft</manufacturer>
        <condition>New</condition>
        <discount>40.0</discount>
     </accessory>
	 
	 <accessory id="xbox360_vb">
        <name>Remote</name>
        <price>89.99</price>
        <image>remote.jpg</image>
        <manufacturer>Microsoft</manufacturer>
        <condition>New</condition>
        <discount>40.0</discount>
     </accessory>
	 	 <accessory id="xbox360_rs">
        <name>messengerkit</name>
        <price>89.99</price>
        <image>messengerkit.jpg</image>
        <manufacturer>Microsoft</manufacturer>
        <condition>New</condition>
        <discount>40.0</discount>
     </accessory>
	 
	 	 <accessory id="xbox360_mp">
        <name>Steering</name>
        <price>89.99</price>
        <image>steering.jpg</image>
        <manufacturer>Microsoft</manufacturer>
        <condition>New</condition>
        <discount>40.0</discount>
     </accessory>
	 
	 	 <accessory id="xbox360_kg">
        <name>Charger</name>
        <price>89.99</price>
        <image>charger.jpg</image>
        <manufacturer>Microsoft</manufacturer>
        <condition>New</condition>
        <discount>40.0</discount>
     </accessory>

    <accessory id="ps4_wc">
        <name>PS Controller</name>
        <price>89.99</price>
        <image>XBOX controller.jpg</image>
        <manufacturer>Sony</manufacturer>
        <condition>New</condition>
        <discount>40.0</discount>
     </accessory>

    <accessory id="ps3_wc">
        <name>PS Gaming HeadPhones</name>
        <price>89.99</price>
        <image>Turtle Beach Headset.jpg</image>
        <manufacturer>Sony</manufacturer>
        <condition>New</condition>
        <discount>40.0</discount>
     </accessory>

    <accessory id="nintendo_wc">
        <name>Nintendo Controller</name>
        <price>89.99</price>
        <image>Wii1.jpg</image>
        <manufacturer>Nintendo</manufacturer>
        <condition>New</condition>
        <discount>40.0</discount>
     </accessory>

    <accessory id="nintendo_sh">
        <name>Nintendo Racing Controller</name>
        <price>89.99</price>
        <image>Wii2.jpg</image>
        <manufacturer>Nintendo</manufacturer>
        <condition>New</condition>
        <discount>40.0</discount>
     </accessory>
	 
  

</AccessoryCatalog>





</ProductCatalog>
